{"cameraMode":{"drawMode":0,"name":"Shaded","section":"Shading Mode"},"sceneLighting":true,"audioPlay":false,"sceneViewState":{"m_AlwaysRefresh":false,"showFog":true,"showSkybox":true,"showFlares":true,"showImageEffects":true,"showParticleSystems":true,"showVisualEffectGraphs":true,"m_FxEnabled":true},"in2DMode":false,"pivot":{"x":163.85890197753907,"y":-3.2107226848602297,"z":50.323028564453128},"rotation":{"x":-0.034483589231967929,"y":-0.033276356756687167,"z":0.0011479206150397659,"w":-0.9988579750061035},"size":35.36099624633789,"orthographic":false}